<?xml version="1.0" encoding="UTF-8"?>
<project-private xmlns="http://www.netbeans.org/ns/project-private/1">
    <editor-bookmarks xmlns="http://www.netbeans.org/ns/editor-bookmarks/2" lastBookmarkId="0"/>
    <open-files xmlns="http://www.netbeans.org/ns/projectui-open-files/2">
        <group>
            <file>file:/D:/1downloads/School_Project/School_Project/src/login.java</file>
            <file>file:/D:/1downloads/School_Project/School_Project/src/school.java</file>
            <file>file:/D:/1downloads/School_Project/School_Project/src/student.java</file>
            <file>file:/D:/1downloads/School_Project/School_Project/src/Home.java</file>
        </group>
    </open-files>
</project-private>
