<?xml version="1.0" encoding="UTF-8"?>
<project-private xmlns="http://www.netbeans.org/ns/project-private/1">
    <editor-bookmarks xmlns="http://www.netbeans.org/ns/editor-bookmarks/2" lastBookmarkId="0"/>
    <open-files xmlns="http://www.netbeans.org/ns/projectui-open-files/2">
        <group>
            <file>file:/home/sampriti/NetBeansProjects/tuition/src/adm.java</file>
            <file>file:/home/sampriti/NetBeansProjects/tuition/src/main.java</file>
            <file>file:/home/sampriti/NetBeansProjects/tuition/src/pay.java</file>
            <file>file:/home/sampriti/NetBeansProjects/tuition/src/check.java</file>
            <file>file:/home/sampriti/NetBeansProjects/tuition/src/rem.java</file>
        </group>
    </open-files>
</project-private>
